0,1,2,3,4,5,6,7,8,9,10,11,12,13,14,15,16,17,18,19,20,21,22,23,24,25,26,27,28,29,30,31,32,33,34,35,36,37,38,39,40,41,42,43,44,45,46,47,48,49,50,51,52,53,54,55
-313.65924072265625,133.23681640625,-34.694217681884766,36.95671844482422,-23.82192039489746,-5.281361103057861,-12.289031028747559,-15.26773452758789,-7.926406383514404,-14.42529010772705,4.715153694152832,-6.831005573272705,5.089527130126953,-2.845897674560547,-0.12165333330631256,5.465338230133057,-7.176977634429932,3.2971158027648926,-12.41274356842041,-6.991116046905518,1.2173219919204712,-3.535282850265503,4.96796178817749,0.7039604187011719,-0.5219398736953735,1.6032750606536865,5.879868030548096,3.343285083770752,5.019108295440674,7.139756202697754,2.7548627853393555,6.6847615242004395,4.670012474060059,6.204931735992432,6.755210876464844,6.690184593200684,7.254700183868408,4.696433067321777,4.898782253265381,2.4644434452056885,23.709942673545818,21.13551703292891,23.955367372877586,22.612035610564014,25.890532971368394,38.24755902383551,33.110234957270336,-0.005850358612423394,0.043674592634446875,-0.0598361686768559,0.029571081508507926,0.004384315407664517,0.015439860367130685,1860.703656462585,0.07408667355775833,1.0
-313.65924072265625,133.23681640625,-34.694217681884766,36.95671844482422,-23.82192039489746,-5.281361103057861,-12.289031028747559,-15.26773452758789,-7.926406383514404,-14.42529010772705,4.715153694152832,-6.831005573272705,5.089527130126953,-2.845897674560547,-0.12165333330631256,5.465338230133057,-7.176977634429932,3.2971158027648926,-12.41274356842041,-6.991116046905518,1.2173219919204712,-3.535282850265503,4.96796178817749,0.7039604187011719,-0.5219398736953735,1.6032750606536865,5.879868030548096,3.343285083770752,5.019108295440674,7.139756202697754,2.7548627853393555,6.6847615242004395,4.670012474060059,6.204931735992432,6.755210876464844,6.690184593200684,7.254700183868408,4.696433067321777,4.898782253265381,2.4644434452056885,23.709942673545818,21.13551703292891,23.955367372877586,22.612035610564014,25.890532971368394,38.24755902383551,33.110234957270336,-0.005850358612423394,0.043674592634446875,-0.0598361686768559,0.029571081508507926,0.004384315407664517,0.015439860367130685,1860.703656462585,0.07408667355775833,1.0
-313.65924072265625,133.23681640625,-34.694217681884766,36.95671844482422,-23.82192039489746,-5.281361103057861,-12.289031028747559,-15.26773452758789,-7.926406383514404,-14.42529010772705,4.715153694152832,-6.831005573272705,5.089527130126953,-2.845897674560547,-0.12165333330631256,5.465338230133057,-7.176977634429932,3.2971158027648926,-12.41274356842041,-6.991116046905518,1.2173219919204712,-3.535282850265503,4.96796178817749,0.7039604187011719,-0.5219398736953735,1.6032750606536865,5.879868030548096,3.343285083770752,5.019108295440674,7.139756202697754,2.7548627853393555,6.6847615242004395,4.670012474060059,6.204931735992432,6.755210876464844,6.690184593200684,7.254700183868408,4.696433067321777,4.898782253265381,2.4644434452056885,23.709942673545818,21.13551703292891,23.955367372877586,22.612035610564014,25.890532971368394,38.24755902383551,33.110234957270336,-0.005850358612423394,0.043674592634446875,-0.0598361686768559,0.029571081508507926,0.004384315407664517,0.015439860367130685,1860.703656462585,0.07408667355775833,1.0
-301.586669921875,137.89852905273438,-34.42110061645508,43.244232177734375,-14.206398010253906,-4.283255577087402,-11.898195266723633,-11.670328140258789,-8.849224090576172,-12.782193183898926,5.177867889404297,-7.648247241973877,7.773438453674316,-0.8561089634895325,-1.2947490215301514,5.987493991851807,-4.912622928619385,-0.12084343284368515,-8.86229419708252,-5.539556980133057,-3.0285708904266357,-1.2578743696212769,0.3805539309978485,-1.3780970573425293,-0.9364038109779358,-1.300449252128601,4.203439712524414,-3.994426965713501,2.6623690128326416,5.957995414733887,3.2761452198028564,9.32562255859375,3.965235710144043,7.060245990753174,3.2421875,4.621323585510254,5.944118022918701,2.6985971927642822,6.9818525314331055,0.8970670104026794,23.54945387669353,20.53749509360712,25.42952394899685,21.480864632710265,24.91554736289912,38.747043049933424,34.44053451670658,-0.013509276550313858,0.030311525699868246,1.2271740456097217e-05,0.0245277561401612,0.02060057585202585,-0.01388051303209259,2005.6556748466257,0.06857980787754059,1.0
-301.586669921875,137.89852905273438,-34.42110061645508,43.244232177734375,-14.206398010253906,-4.283255577087402,-11.898195266723633,-11.670328140258789,-8.849224090576172,-12.782193183898926,5.177867889404297,-7.648247241973877,7.773438453674316,-0.8561089634895325,-1.2947490215301514,5.987493991851807,-4.912622928619385,-0.12084343284368515,-8.86229419708252,-5.539556980133057,-3.0285708904266357,-1.2578743696212769,0.3805539309978485,-1.3780970573425293,-0.9364038109779358,-1.300449252128601,4.203439712524414,-3.994426965713501,2.6623690128326416,5.957995414733887,3.2761452198028564,9.32562255859375,3.965235710144043,7.060245990753174,3.2421875,4.621323585510254,5.944118022918701,2.6985971927642822,6.9818525314331055,0.8970670104026794,23.54945387669353,20.53749509360712,25.42952394899685,21.480864632710265,24.91554736289912,38.747043049933424,34.44053451670658,-0.013509276550313858,0.030311525699868246,1.2271740456097217e-05,0.0245277561401612,0.02060057585202585,-0.01388051303209259,2005.6556748466257,0.06857980787754059,1.0
-301.586669921875,137.89852905273438,-34.42110061645508,43.244232177734375,-14.206398010253906,-4.283255577087402,-11.898195266723633,-11.670328140258789,-8.849224090576172,-12.782193183898926,5.177867889404297,-7.648247241973877,7.773438453674316,-0.8561089634895325,-1.2947490215301514,5.987493991851807,-4.912622928619385,-0.12084343284368515,-8.86229419708252,-5.539556980133057,-3.0285708904266357,-1.2578743696212769,0.3805539309978485,-1.3780970573425293,-0.9364038109779358,-1.300449252128601,4.203439712524414,-3.994426965713501,2.6623690128326416,5.957995414733887,3.2761452198028564,9.32562255859375,3.965235710144043,7.060245990753174,3.2421875,4.621323585510254,5.944118022918701,2.6985971927642822,6.9818525314331055,0.8970670104026794,23.54945387669353,20.53749509360712,25.42952394899685,21.480864632710265,24.91554736289912,38.747043049933424,34.44053451670658,-0.013509276550313858,0.030311525699868246,1.2271740456097217e-05,0.0245277561401612,0.02060057585202585,-0.01388051303209259,2005.6556748466257,0.06857980787754059,1.0
-286.1068115234375,92.89739227294922,21.07073974609375,4.5193023681640625,6.362583637237549,-10.492467880249023,-7.4892706871032715,-6.277797222137451,-13.827240943908691,-4.550483226776123,-9.033119201660156,3.7391412258148193,-6.180976390838623,1.7598049640655518,-4.102265357971191,-2.4032845497131348,-0.006720385514199734,-3.256218910217285,-3.891461133956909,-0.121511310338974,-7.307590007781982,-2.608820915222168,-3.6800785064697266,-2.30706524848938,-4.0213942527771,-2.3270857334136963,-3.9853453636169434,-3.5614371299743652,-2.936772108078003,-2.590599298477173,-3.58884859085083,-2.093944549560547,-3.5501163005828857,0.233433336019516,-3.0702624320983887,2.471940040588379,-0.3469710052013397,2.5823252201080322,0.39995077252388,1.2556264400482178,19.732557033287286,15.31780433002294,18.5709260143371,16.209805585555863,17.435202345325383,16.224928788093194,42.979568041141896,-0.007122344276282921,0.015316790566967834,0.00041948537697850325,0.036718308756868955,-0.0008734144657982776,0.0025895520810568264,2209.055918040293,0.09823153167963028,1.0
-286.1068115234375,92.89739227294922,21.07073974609375,4.5193023681640625,6.362583637237549,-10.492467880249023,-7.4892706871032715,-6.277797222137451,-13.827240943908691,-4.550483226776123,-9.033119201660156,3.7391412258148193,-6.180976390838623,1.7598049640655518,-4.102265357971191,-2.4032845497131348,-0.006720385514199734,-3.256218910217285,-3.891461133956909,-0.121511310338974,-7.307590007781982,-2.608820915222168,-3.6800785064697266,-2.30706524848938,-4.0213942527771,-2.3270857334136963,-3.9853453636169434,-3.5614371299743652,-2.936772108078003,-2.590599298477173,-3.58884859085083,-2.093944549560547,-3.5501163005828857,0.233433336019516,-3.0702624320983887,2.471940040588379,-0.3469710052013397,2.5823252201080322,0.39995077252388,1.2556264400482178,19.732557033287286,15.31780433002294,18.5709260143371,16.209805585555863,17.435202345325383,16.224928788093194,42.979568041141896,-0.007122344276282921,0.015316790566967834,0.00041948537697850325,0.036718308756868955,-0.0008734144657982776,0.0025895520810568264,2209.055918040293,0.09823153167963028,1.0
-286.1068115234375,92.89739227294922,21.07073974609375,4.5193023681640625,6.362583637237549,-10.492467880249023,-7.4892706871032715,-6.277797222137451,-13.827240943908691,-4.550483226776123,-9.033119201660156,3.7391412258148193,-6.180976390838623,1.7598049640655518,-4.102265357971191,-2.4032845497131348,-0.006720385514199734,-3.256218910217285,-3.891461133956909,-0.121511310338974,-7.307590007781982,-2.608820915222168,-3.6800785064697266,-2.30706524848938,-4.0213942527771,-2.3270857334136963,-3.9853453636169434,-3.5614371299743652,-2.936772108078003,-2.590599298477173,-3.58884859085083,-2.093944549560547,-3.5501163005828857,0.233433336019516,-3.0702624320983887,2.471940040588379,-0.3469710052013397,2.5823252201080322,0.39995077252388,1.2556264400482178,19.732557033287286,15.31780433002294,18.5709260143371,16.209805585555863,17.435202345325383,16.224928788093194,42.979568041141896,-0.007122344276282921,0.015316790566967834,0.00041948537697850325,0.036718308756868955,-0.0008734144657982776,0.0025895520810568264,2209.055918040293,0.09823153167963028,1.0
-259.3206787109375,95.70072174072266,18.552934646606445,16.024356842041016,24.47342872619629,0.6730695962905884,-6.657709121704102,-2.7263941764831543,-5.570478916168213,-0.7304989695549011,-5.91158390045166,7.1491475105285645,-7.552252769470215,5.889780521392822,1.6926393508911133,-7.873845100402832,0.8924554586410522,-1.8752198219299316,-6.095007419586182,-0.6336835622787476,-6.502838611602783,-1.4366244077682495,-7.273019313812256,-2.367413282394409,-3.877166986465454,-1.6320077180862427,-5.451231479644775,1.5297720432281494,-4.223423957824707,1.2167598009109497,-2.89121413230896,-1.3104666471481323,-2.5870959758758545,-1.8483455181121826,-2.4597957134246826,-1.0373376607894897,-2.8179500102996826,-0.6288820505142212,-2.935549259185791,-1.3819557428359985,19.890057925805625,15.21441558775559,18.320289375812212,15.852388749198601,18.87571825553278,17.726502479059615,46.52906547056565,0.0028015743848966166,-0.00910106625373255,-0.020598431409329616,-0.03932709356439278,0.0031235863761310775,0.017354888799427003,2516.816168575519,0.0972159206867218,1.0
-259.3206787109375,95.70072174072266,18.552934646606445,16.024356842041016,24.47342872619629,0.6730695962905884,-6.657709121704102,-2.7263941764831543,-5.570478916168213,-0.7304989695549011,-5.91158390045166,7.1491475105285645,-7.552252769470215,5.889780521392822,1.6926393508911133,-7.873845100402832,0.8924554586410522,-1.8752198219299316,-6.095007419586182,-0.6336835622787476,-6.502838611602783,-1.4366244077682495,-7.273019313812256,-2.367413282394409,-3.877166986465454,-1.6320077180862427,-5.451231479644775,1.5297720432281494,-4.223423957824707,1.2167598009109497,-2.89121413230896,-1.3104666471481323,-2.5870959758758545,-1.8483455181121826,-2.4597957134246826,-1.0373376607894897,-2.8179500102996826,-0.6288820505142212,-2.935549259185791,-1.3819557428359985,19.890057925805625,15.21441558775559,18.320289375812212,15.852388749198601,18.87571825553278,17.726502479059615,46.52906547056565,0.0028015743848966166,-0.00910106625373255,-0.020598431409329616,-0.03932709356439278,0.0031235863761310775,0.017354888799427003,2516.816168575519,0.0972159206867218,1.0
-259.3206787109375,95.70072174072266,18.552934646606445,16.024356842041016,24.47342872619629,0.6730695962905884,-6.657709121704102,-2.7263941764831543,-5.570478916168213,-0.7304989695549011,-5.91158390045166,7.1491475105285645,-7.552252769470215,5.889780521392822,1.6926393508911133,-7.873845100402832,0.8924554586410522,-1.8752198219299316,-6.095007419586182,-0.6336835622787476,-6.502838611602783,-1.4366244077682495,-7.273019313812256,-2.367413282394409,-3.877166986465454,-1.6320077180862427,-5.451231479644775,1.5297720432281494,-4.223423957824707,1.2167598009109497,-2.89121413230896,-1.3104666471481323,-2.5870959758758545,-1.8483455181121826,-2.4597957134246826,-1.0373376607894897,-2.8179500102996826,-0.6288820505142212,-2.935549259185791,-1.3819557428359985,19.890057925805625,15.21441558775559,18.320289375812212,15.852388749198601,18.87571825553278,17.726502479059615,46.52906547056565,0.0028015743848966166,-0.00910106625373255,-0.020598431409329616,-0.03932709356439278,0.0031235863761310775,0.017354888799427003,2516.816168575519,0.0972159206867218,1.0
-290.5631103515625,101.07476043701172,-3.863203525543213,16.704906463623047,2.8477752208709717,-19.739282608032227,-25.027769088745117,-21.816770553588867,-29.038850784301758,-15.735512733459473,-14.084033012390137,-12.048213005065918,-12.467203140258789,-2.1090688705444336,-11.110803604125977,-6.629786014556885,-4.610676288604736,-10.424495697021484,-7.458309173583984,-9.2942533493042,-8.27223014831543,-7.127497673034668,-9.964798927307129,-5.2450456619262695,-9.981959342956543,-7.316390037536621,-7.844625473022461,-3.3073337078094482,-5.517982006072998,-4.180939197540283,-2.9933555126190186,-1.994038701057434,-1.1861094236373901,-2.4127931594848633,0.714737057685852,0.2666647434234619,1.0931686162948608,5.195554733276367,6.528902530670166,6.574793815612793,30.813989416733925,19.621280744208928,24.033179713589668,19.705807597977465,22.00278161602397,19.870339072179423,50.56818188267491,0.006240369588783157,-0.012902800026267917,0.02111722311625829,0.008006211878544202,0.012692189106493511,-0.0026743370091469134,2408.337637741047,0.08477383106946945,1.0
-290.5631103515625,101.07476043701172,-3.863203525543213,16.704906463623047,2.8477752208709717,-19.739282608032227,-25.027769088745117,-21.816770553588867,-29.038850784301758,-15.735512733459473,-14.084033012390137,-12.048213005065918,-12.467203140258789,-2.1090688705444336,-11.110803604125977,-6.629786014556885,-4.610676288604736,-10.424495697021484,-7.458309173583984,-9.2942533493042,-8.27223014831543,-7.127497673034668,-9.964798927307129,-5.2450456619262695,-9.981959342956543,-7.316390037536621,-7.844625473022461,-3.3073337078094482,-5.517982006072998,-4.180939197540283,-2.9933555126190186,-1.994038701057434,-1.1861094236373901,-2.4127931594848633,0.714737057685852,0.2666647434234619,1.0931686162948608,5.195554733276367,6.528902530670166,6.574793815612793,30.813989416733925,19.621280744208928,24.033179713589668,19.705807597977465,22.00278161602397,19.870339072179423,50.56818188267491,0.006240369588783157,-0.012902800026267917,0.02111722311625829,0.008006211878544202,0.012692189106493511,-0.0026743370091469134,2408.337637741047,0.08477383106946945,1.0
-290.5631103515625,101.07476043701172,-3.863203525543213,16.704906463623047,2.8477752208709717,-19.739282608032227,-25.027769088745117,-21.816770553588867,-29.038850784301758,-15.735512733459473,-14.084033012390137,-12.048213005065918,-12.467203140258789,-2.1090688705444336,-11.110803604125977,-6.629786014556885,-4.610676288604736,-10.424495697021484,-7.458309173583984,-9.2942533493042,-8.27223014831543,-7.127497673034668,-9.964798927307129,-5.2450456619262695,-9.981959342956543,-7.316390037536621,-7.844625473022461,-3.3073337078094482,-5.517982006072998,-4.180939197540283,-2.9933555126190186,-1.994038701057434,-1.1861094236373901,-2.4127931594848633,0.714737057685852,0.2666647434234619,1.0931686162948608,5.195554733276367,6.528902530670166,6.574793815612793,30.813989416733925,19.621280744208928,24.033179713589668,19.705807597977465,22.00278161602397,19.870339072179423,50.56818188267491,0.006240369588783157,-0.012902800026267917,0.02111722311625829,0.008006211878544202,0.012692189106493511,-0.0026743370091469134,2408.337637741047,0.08477383106946945,1.0
-172.48643493652344,122.36769104003906,-9.656197547912598,33.449180603027344,-15.080876350402832,0.22102414071559906,-7.145915985107422,-9.460836410522461,-12.765095710754395,-15.830094337463379,-1.0171642303466797,-7.4448041915893555,-11.690953254699707,1.678085207939148,-4.892488479614258,-9.624354362487793,-9.541994094848633,-0.239288330078125,-9.865365982055664,-4.078878402709961,-6.296787261962891,-5.0013556480407715,-8.701774597167969,-2.661578893661499,-3.357172966003418,-5.927290916442871,-3.629879951477051,-4.8900322914123535,-5.315404891967773,-6.5668158531188965,-4.973753929138184,-4.728532791137695,-7.150572776794434,-1.851334810256958,-7.54664421081543,-0.4312678873538971,-6.748061180114746,-2.1663975715637207,-5.253223896026611,-3.3876771926879883,26.26952609719948,17.109879608677545,20.673983261348045,19.008720449929935,19.041514460680542,21.76478673142211,51.603725966401946,0.007314443059752022,-0.011719854978075596,-0.05035732275414886,0.12080302229762813,-0.012368907505013248,0.02403618951254696,2594.660816912972,0.13004553318023682,1.0
-172.48643493652344,122.36769104003906,-9.656197547912598,33.449180603027344,-15.080876350402832,0.22102414071559906,-7.145915985107422,-9.460836410522461,-12.765095710754395,-15.830094337463379,-1.0171642303466797,-7.4448041915893555,-11.690953254699707,1.678085207939148,-4.892488479614258,-9.624354362487793,-9.541994094848633,-0.239288330078125,-9.865365982055664,-4.078878402709961,-6.296787261962891,-5.0013556480407715,-8.701774597167969,-2.661578893661499,-3.357172966003418,-5.927290916442871,-3.629879951477051,-4.8900322914123535,-5.315404891967773,-6.5668158531188965,-4.973753929138184,-4.728532791137695,-7.150572776794434,-1.851334810256958,-7.54664421081543,-0.4312678873538971,-6.748061180114746,-2.1663975715637207,-5.253223896026611,-3.3876771926879883,26.26952609719948,17.109879608677545,20.673983261348045,19.008720449929935,19.041514460680542,21.76478673142211,51.603725966401946,0.007314443059752022,-0.011719854978075596,-0.05035732275414886,0.12080302229762813,-0.012368907505013248,0.02403618951254696,2594.660816912972,0.13004553318023682,1.0
-172.48643493652344,122.36769104003906,-9.656197547912598,33.449180603027344,-15.080876350402832,0.22102414071559906,-7.145915985107422,-9.460836410522461,-12.765095710754395,-15.830094337463379,-1.0171642303466797,-7.4448041915893555,-11.690953254699707,1.678085207939148,-4.892488479614258,-9.624354362487793,-9.541994094848633,-0.239288330078125,-9.865365982055664,-4.078878402709961,-6.296787261962891,-5.0013556480407715,-8.701774597167969,-2.661578893661499,-3.357172966003418,-5.927290916442871,-3.629879951477051,-4.8900322914123535,-5.315404891967773,-6.5668158531188965,-4.973753929138184,-4.728532791137695,-7.150572776794434,-1.851334810256958,-7.54664421081543,-0.4312678873538971,-6.748061180114746,-2.1663975715637207,-5.253223896026611,-3.3876771926879883,26.26952609719948,17.109879608677545,20.673983261348045,19.008720449929935,19.041514460680542,21.76478673142211,51.603725966401946,0.007314443059752022,-0.011719854978075596,-0.05035732275414886,0.12080302229762813,-0.012368907505013248,0.02403618951254696,2594.660816912972,0.13004553318023682,1.0
-176.6018524169922,96.93366241455078,7.012913703918457,35.81627655029297,-3.1155807971954346,13.389729499816895,-24.118383407592773,-2.6292648315429688,-3.1620640754699707,-18.47957992553711,1.5054811239242554,-15.681105613708496,-0.06461633741855621,1.6336727142333984,-15.56601333618164,4.670474052429199,-10.886528015136719,-2.3975014686584473,-12.18897533416748,-3.2583088874816895,-10.324329376220703,-0.8648610711097717,-8.338051795959473,-6.252685070037842,-6.085305690765381,-1.4133883714675903,-8.622361183166504,-0.5792997479438782,-7.15877628326416,-1.9400670528411865,-8.966202735900879,-5.019399166107178,-7.520504951477051,-0.4714418053627014,-2.9097440242767334,-3.0904018878936768,-5.257986068725586,-2.3911871910095215,-6.5179338455200195,-3.2668161392211914,25.826271930883593,16.73543536086713,19.94029224228116,17.637192959179096,18.995513780187075,22.9823091001796,53.16204838244242,0.05094234035855523,-0.01897969889263343,-0.13412997914639166,0.018756048631979914,-0.0002863555001635804,0.026600278010821835,3666.6473765432097,0.1081702932715416,1.0
-176.6018524169922,96.93366241455078,7.012913703918457,35.81627655029297,-3.1155807971954346,13.389729499816895,-24.118383407592773,-2.6292648315429688,-3.1620640754699707,-18.47957992553711,1.5054811239242554,-15.681105613708496,-0.06461633741855621,1.6336727142333984,-15.56601333618164,4.670474052429199,-10.886528015136719,-2.3975014686584473,-12.18897533416748,-3.2583088874816895,-10.324329376220703,-0.8648610711097717,-8.338051795959473,-6.252685070037842,-6.085305690765381,-1.4133883714675903,-8.622361183166504,-0.5792997479438782,-7.15877628326416,-1.9400670528411865,-8.966202735900879,-5.019399166107178,-7.520504951477051,-0.4714418053627014,-2.9097440242767334,-3.0904018878936768,-5.257986068725586,-2.3911871910095215,-6.5179338455200195,-3.2668161392211914,25.826271930883593,16.73543536086713,19.94029224228116,17.637192959179096,18.995513780187075,22.9823091001796,53.16204838244242,0.05094234035855523,-0.01897969889263343,-0.13412997914639166,0.018756048631979914,-0.0002863555001635804,0.026600278010821835,3666.6473765432097,0.1081702932715416,1.0
-176.6018524169922,96.93366241455078,7.012913703918457,35.81627655029297,-3.1155807971954346,13.389729499816895,-24.118383407592773,-2.6292648315429688,-3.1620640754699707,-18.47957992553711,1.5054811239242554,-15.681105613708496,-0.06461633741855621,1.6336727142333984,-15.56601333618164,4.670474052429199,-10.886528015136719,-2.3975014686584473,-12.18897533416748,-3.2583088874816895,-10.324329376220703,-0.8648610711097717,-8.338051795959473,-6.252685070037842,-6.085305690765381,-1.4133883714675903,-8.622361183166504,-0.5792997479438782,-7.15877628326416,-1.9400670528411865,-8.966202735900879,-5.019399166107178,-7.520504951477051,-0.4714418053627014,-2.9097440242767334,-3.0904018878936768,-5.257986068725586,-2.3911871910095215,-6.5179338455200195,-3.2668161392211914,25.826271930883593,16.73543536086713,19.94029224228116,17.637192959179096,18.995513780187075,22.9823091001796,53.16204838244242,0.05094234035855523,-0.01897969889263343,-0.13412997914639166,0.018756048631979914,-0.0002863555001635804,0.026600278010821835,3666.6473765432097,0.1081702932715416,1.0
-208.9667205810547,91.5078353881836,-17.146974563598633,32.18630599975586,-6.381925106048584,-4.988983631134033,-11.147218704223633,-11.585672378540039,-8.509207725524902,-11.963809967041016,-8.251764297485352,4.0588836669921875,-5.650145053863525,1.0643384456634521,-1.2316226959228516,-3.8255486488342285,-4.807887077331543,-4.521517753601074,-8.800156593322754,-2.6988918781280518,-7.91952657699585,-6.2645039558410645,-7.251202583312988,-5.2590532302856445,-6.7031755447387695,-0.2508423626422882,-4.01694917678833,-1.698967456817627,-6.90594482421875,-1.3736311197280884,-4.9693427085876465,-3.826866865158081,-6.9194865226745605,-1.8683656454086304,-5.134814739227295,-1.5171369314193726,-5.4881062507629395,-2.7268660068511963,-5.8677568435668945,-1.7061275243759155,25.82182529548616,18.123035617809233,21.36724649482068,16.916217876367032,17.227085627750622,19.659526108845302,52.58521440384532,-0.008074941799146857,0.0024240423745908093,0.015786527856766396,-0.06862417841284356,0.005611380685855988,0.0036127117089378106,3252.7066929133857,0.09970778971910477,1.0
-208.9667205810547,91.5078353881836,-17.146974563598633,32.18630599975586,-6.381925106048584,-4.988983631134033,-11.147218704223633,-11.585672378540039,-8.509207725524902,-11.963809967041016,-8.251764297485352,4.0588836669921875,-5.650145053863525,1.0643384456634521,-1.2316226959228516,-3.8255486488342285,-4.807887077331543,-4.521517753601074,-8.800156593322754,-2.6988918781280518,-7.91952657699585,-6.2645039558410645,-7.251202583312988,-5.2590532302856445,-6.7031755447387695,-0.2508423626422882,-4.01694917678833,-1.698967456817627,-6.90594482421875,-1.3736311197280884,-4.9693427085876465,-3.826866865158081,-6.9194865226745605,-1.8683656454086304,-5.134814739227295,-1.5171369314193726,-5.4881062507629395,-2.7268660068511963,-5.8677568435668945,-1.7061275243759155,25.82182529548616,18.123035617809233,21.36724649482068,16.916217876367032,17.227085627750622,19.659526108845302,52.58521440384532,-0.008074941799146857,0.0024240423745908093,0.015786527856766396,-0.06862417841284356,0.005611380685855988,0.0036127117089378106,3252.7066929133857,0.09970778971910477,1.0
-208.9667205810547,91.5078353881836,-17.146974563598633,32.18630599975586,-6.381925106048584,-4.988983631134033,-11.147218704223633,-11.585672378540039,-8.509207725524902,-11.963809967041016,-8.251764297485352,4.0588836669921875,-5.650145053863525,1.0643384456634521,-1.2316226959228516,-3.8255486488342285,-4.807887077331543,-4.521517753601074,-8.800156593322754,-2.6988918781280518,-7.91952657699585,-6.2645039558410645,-7.251202583312988,-5.2590532302856445,-6.7031755447387695,-0.2508423626422882,-4.01694917678833,-1.698967456817627,-6.90594482421875,-1.3736311197280884,-4.9693427085876465,-3.826866865158081,-6.9194865226745605,-1.8683656454086304,-5.134814739227295,-1.5171369314193726,-5.4881062507629395,-2.7268660068511963,-5.8677568435668945,-1.7061275243759155,25.82182529548616,18.123035617809233,21.36724649482068,16.916217876367032,17.227085627750622,19.659526108845302,52.58521440384532,-0.008074941799146857,0.0024240423745908093,0.015786527856766396,-0.06862417841284356,0.005611380685855988,0.0036127117089378106,3252.7066929133857,0.09970778971910477,1.0
-347.5096130371094,91.79309844970703,0.8806235194206238,32.253684997558594,-24.80470085144043,-5.119924545288086,-30.219011306762695,4.814027309417725,-12.06997299194336,-8.89210319519043,-4.304262161254883,-4.69542121887207,-5.854283809661865,2.9287993907928467,-11.41376781463623,1.2521995306015015,-4.838511943817139,-2.4461960792541504,-5.8681640625,1.4042420387268066,-4.313326835632324,1.8816108703613281,-4.731257438659668,-1.1781713962554932,-1.5866804122924805,2.580700159072876,-1.4724323749542236,0.6784258484840393,-3.8587899208068848,0.6842551827430725,-2.4698774814605713,1.5914872884750366,-2.956016778945923,1.2924493551254272,-2.4516286849975586,0.636547327041626,-2.8644120693206787,0.5565330386161804,-1.9358913898468018,-0.9119070172309875,19.008803604907452,15.193972201987416,18.454508060458366,16.73124442568451,16.64077186759223,18.581937596188787,53.6439459948784,0.004421792734029138,0.00609890851959653,-0.0224865700323451,0.04659679852173476,-0.002951413218151373,0.006529226227489822,3585.3548728813557,0.012513483874499798,1.0
-347.5096130371094,91.79309844970703,0.8806235194206238,32.253684997558594,-24.80470085144043,-5.119924545288086,-30.219011306762695,4.814027309417725,-12.06997299194336,-8.89210319519043,-4.304262161254883,-4.69542121887207,-5.854283809661865,2.9287993907928467,-11.41376781463623,1.2521995306015015,-4.838511943817139,-2.4461960792541504,-5.8681640625,1.4042420387268066,-4.313326835632324,1.8816108703613281,-4.731257438659668,-1.1781713962554932,-1.5866804122924805,2.580700159072876,-1.4724323749542236,0.6784258484840393,-3.8587899208068848,0.6842551827430725,-2.4698774814605713,1.5914872884750366,-2.956016778945923,1.2924493551254272,-2.4516286849975586,0.636547327041626,-2.8644120693206787,0.5565330386161804,-1.9358913898468018,-0.9119070172309875,19.008803604907452,15.193972201987416,18.454508060458366,16.73124442568451,16.64077186759223,18.581937596188787,53.6439459948784,0.004421792734029138,0.00609890851959653,-0.0224865700323451,0.04659679852173476,-0.002951413218151373,0.006529226227489822,3585.3548728813557,0.012513483874499798,1.0
-347.5096130371094,91.79309844970703,0.8806235194206238,32.253684997558594,-24.80470085144043,-5.119924545288086,-30.219011306762695,4.814027309417725,-12.06997299194336,-8.89210319519043,-4.304262161254883,-4.69542121887207,-5.854283809661865,2.9287993907928467,-11.41376781463623,1.2521995306015015,-4.838511943817139,-2.4461960792541504,-5.8681640625,1.4042420387268066,-4.313326835632324,1.8816108703613281,-4.731257438659668,-1.1781713962554932,-1.5866804122924805,2.580700159072876,-1.4724323749542236,0.6784258484840393,-3.8587899208068848,0.6842551827430725,-2.4698774814605713,1.5914872884750366,-2.956016778945923,1.2924493551254272,-2.4516286849975586,0.636547327041626,-2.8644120693206787,0.5565330386161804,-1.9358913898468018,-0.9119070172309875,19.008803604907452,15.193972201987416,18.454508060458366,16.73124442568451,16.64077186759223,18.581937596188787,53.6439459948784,0.004421792734029138,0.00609890851959653,-0.0224865700323451,0.04659679852173476,-0.002951413218151373,0.006529226227489822,3585.3548728813557,0.012513483874499798,1.0
-356.5845031738281,88.78330993652344,21.411407470703125,44.97442626953125,-4.675709247589111,13.266079902648926,-15.665491104125977,-6.385564804077148,-9.481622695922852,-3.7000110149383545,-2.3050005435943604,-6.082265377044678,0.44752854108810425,-8.505471229553223,-4.927105903625488,0.7875155210494995,-1.8752278089523315,-1.757866382598877,-1.9142106771469116,-7.005403518676758,-4.389821529388428,4.973230838775635,-12.421554565429688,3.562779426574707,-5.707244396209717,-6.117863178253174,-0.5355339050292969,-4.5026655197143555,-5.626401901245117,0.5315285921096802,-6.601149082183838,1.7729004621505737,-2.801262617111206,2.9105265140533447,4.246786594390869,7.14933967590332,6.491940498352051,9.161386489868164,4.712982177734375,9.251201629638672,26.04191952504694,17.970713700234395,20.073230423941304,17.28246279256669,17.681775595949514,22.859975628218002,51.166420536990856,0.020305148167335085,0.036658198692184965,0.0013299372064531966,0.07254668719407054,0.007286970701845899,-0.014069086761410499,3459.481754658385,0.02900482527911663,0.0
-356.5845031738281,88.78330993652344,21.411407470703125,44.97442626953125,-4.675709247589111,13.266079902648926,-15.665491104125977,-6.385564804077148,-9.481622695922852,-3.7000110149383545,-2.3050005435943604,-6.082265377044678,0.44752854108810425,-8.505471229553223,-4.927105903625488,0.7875155210494995,-1.8752278089523315,-1.757866382598877,-1.9142106771469116,-7.005403518676758,-4.389821529388428,4.973230838775635,-12.421554565429688,3.562779426574707,-5.707244396209717,-6.117863178253174,-0.5355339050292969,-4.5026655197143555,-5.626401901245117,0.5315285921096802,-6.601149082183838,1.7729004621505737,-2.801262617111206,2.9105265140533447,4.246786594390869,7.14933967590332,6.491940498352051,9.161386489868164,4.712982177734375,9.251201629638672,26.04191952504694,17.970713700234395,20.073230423941304,17.28246279256669,17.681775595949514,22.859975628218002,51.166420536990856,0.020305148167335085,0.036658198692184965,0.0013299372064531966,0.07254668719407054,0.007286970701845899,-0.014069086761410499,3459.481754658385,0.02900482527911663,0.0
-356.5845031738281,88.78330993652344,21.411407470703125,44.97442626953125,-4.675709247589111,13.266079902648926,-15.665491104125977,-6.385564804077148,-9.481622695922852,-3.7000110149383545,-2.3050005435943604,-6.082265377044678,0.44752854108810425,-8.505471229553223,-4.927105903625488,0.7875155210494995,-1.8752278089523315,-1.757866382598877,-1.9142106771469116,-7.005403518676758,-4.389821529388428,4.973230838775635,-12.421554565429688,3.562779426574707,-5.707244396209717,-6.117863178253174,-0.5355339050292969,-4.5026655197143555,-5.626401901245117,0.5315285921096802,-6.601149082183838,1.7729004621505737,-2.801262617111206,2.9105265140533447,4.246786594390869,7.14933967590332,6.491940498352051,9.161386489868164,4.712982177734375,9.251201629638672,26.04191952504694,17.970713700234395,20.073230423941304,17.28246279256669,17.681775595949514,22.859975628218002,51.166420536990856,0.020305148167335085,0.036658198692184965,0.0013299372064531966,0.07254668719407054,0.007286970701845899,-0.014069086761410499,3459.481754658385,0.02900482527911663,0.0
-372.3398742675781,107.60882568359375,16.707828521728516,34.497352600097656,-8.769821166992188,17.71637725830078,-29.722455978393555,9.604487419128418,-7.128976821899414,-2.9261586666107178,-1.8575971126556396,-2.305624485015869,-3.5170669555664062,-4.45494270324707,-1.8827097415924072,-4.742627143859863,4.323901653289795,-3.4522552490234375,-1.4749500751495361,-5.570743560791016,-3.0792346000671387,-0.5276201963424683,-8.468230247497559,1.3660873174667358,-5.891090393066406,-6.061367511749268,-0.6864287257194519,-3.3971073627471924,-6.178492069244385,4.5018391609191895,-4.350673675537109,3.523244619369507,2.191474676132202,1.5533188581466675,1.4123865365982056,5.305972576141357,3.7230794429779053,8.299448013305664,9.646608352661133,5.7640204429626465,25.425505861403554,19.226134426798314,20.772450831968435,18.073852053965577,19.368748354302287,24.35805688006357,48.04280301008384,0.04719853427308778,0.01528816250416538,0.09123316128663889,0.03695857193909441,0.023126187136079532,0.012895513745881914,2998.4183282208587,0.030221672728657722,0.0
-372.3398742675781,107.60882568359375,16.707828521728516,34.497352600097656,-8.769821166992188,17.71637725830078,-29.722455978393555,9.604487419128418,-7.128976821899414,-2.9261586666107178,-1.8575971126556396,-2.305624485015869,-3.5170669555664062,-4.45494270324707,-1.8827097415924072,-4.742627143859863,4.323901653289795,-3.4522552490234375,-1.4749500751495361,-5.570743560791016,-3.0792346000671387,-0.5276201963424683,-8.468230247497559,1.3660873174667358,-5.891090393066406,-6.061367511749268,-0.6864287257194519,-3.3971073627471924,-6.178492069244385,4.5018391609191895,-4.350673675537109,3.523244619369507,2.191474676132202,1.5533188581466675,1.4123865365982056,5.305972576141357,3.7230794429779053,8.299448013305664,9.646608352661133,5.7640204429626465,25.425505861403554,19.226134426798314,20.772450831968435,18.073852053965577,19.368748354302287,24.35805688006357,48.04280301008384,0.04719853427308778,0.01528816250416538,0.09123316128663889,0.03695857193909441,0.023126187136079532,0.012895513745881914,2998.4183282208587,0.030221672728657722,0.0
-372.3398742675781,107.60882568359375,16.707828521728516,34.497352600097656,-8.769821166992188,17.71637725830078,-29.722455978393555,9.604487419128418,-7.128976821899414,-2.9261586666107178,-1.8575971126556396,-2.305624485015869,-3.5170669555664062,-4.45494270324707,-1.8827097415924072,-4.742627143859863,4.323901653289795,-3.4522552490234375,-1.4749500751495361,-5.570743560791016,-3.0792346000671387,-0.5276201963424683,-8.468230247497559,1.3660873174667358,-5.891090393066406,-6.061367511749268,-0.6864287257194519,-3.3971073627471924,-6.178492069244385,4.5018391609191895,-4.350673675537109,3.523244619369507,2.191474676132202,1.5533188581466675,1.4123865365982056,5.305972576141357,3.7230794429779053,8.299448013305664,9.646608352661133,5.7640204429626465,25.425505861403554,19.226134426798314,20.772450831968435,18.073852053965577,19.368748354302287,24.35805688006357,48.04280301008384,0.04719853427308778,0.01528816250416538,0.09123316128663889,0.03695857193909441,0.023126187136079532,0.012895513745881914,2998.4183282208587,0.030221672728657722,0.0
-251.40179443359375,141.3482208251953,-2.3643319606781006,37.49799346923828,-0.765569269657135,-8.18980598449707,-8.301786422729492,-15.744593620300293,-6.2645649909973145,-14.291926383972168,-6.49735689163208,-3.9888761043548584,-8.459603309631348,-1.3285093307495117,-8.16555404663086,-4.272914886474609,-7.2554731369018555,-7.749850273132324,-11.519593238830566,-5.631149768829346,-8.196353912353516,-7.1758012771606445,-4.702104568481445,-7.264376640319824,-6.886449813842773,-3.6985223293304443,-6.741105556488037,-2.3513412475585938,-6.486400604248047,-3.937243938446045,-7.358277797698975,-3.4386179447174072,-5.346599578857422,-3.361069679260254,-4.634956359863281,-2.5323760509490967,-4.694464206695557,-2.6931426525115967,-4.835693836212158,-2.7826833724975586,30.59443489994258,16.563229912366893,20.20289528020371,16.67822487633676,17.53014573890118,21.088432286797644,50.911798851269694,-0.00723005663165697,-0.007967928095460469,0.0379544064769483,-0.048949878429994244,-0.00783641052367962,-0.007442314297436926,1952.2910814606741,0.08680490404367447,0.0
-251.40179443359375,141.3482208251953,-2.3643319606781006,37.49799346923828,-0.765569269657135,-8.18980598449707,-8.301786422729492,-15.744593620300293,-6.2645649909973145,-14.291926383972168,-6.49735689163208,-3.9888761043548584,-8.459603309631348,-1.3285093307495117,-8.16555404663086,-4.272914886474609,-7.2554731369018555,-7.749850273132324,-11.519593238830566,-5.631149768829346,-8.196353912353516,-7.1758012771606445,-4.702104568481445,-7.264376640319824,-6.886449813842773,-3.6985223293304443,-6.741105556488037,-2.3513412475585938,-6.486400604248047,-3.937243938446045,-7.358277797698975,-3.4386179447174072,-5.346599578857422,-3.361069679260254,-4.634956359863281,-2.5323760509490967,-4.694464206695557,-2.6931426525115967,-4.835693836212158,-2.7826833724975586,30.59443489994258,16.563229912366893,20.20289528020371,16.67822487633676,17.53014573890118,21.088432286797644,50.911798851269694,-0.00723005663165697,-0.007967928095460469,0.0379544064769483,-0.048949878429994244,-0.00783641052367962,-0.007442314297436926,1952.2910814606741,0.08680490404367447,0.0
-251.40179443359375,141.3482208251953,-2.3643319606781006,37.49799346923828,-0.765569269657135,-8.18980598449707,-8.301786422729492,-15.744593620300293,-6.2645649909973145,-14.291926383972168,-6.49735689163208,-3.9888761043548584,-8.459603309631348,-1.3285093307495117,-8.16555404663086,-4.272914886474609,-7.2554731369018555,-7.749850273132324,-11.519593238830566,-5.631149768829346,-8.196353912353516,-7.1758012771606445,-4.702104568481445,-7.264376640319824,-6.886449813842773,-3.6985223293304443,-6.741105556488037,-2.3513412475585938,-6.486400604248047,-3.937243938446045,-7.358277797698975,-3.4386179447174072,-5.346599578857422,-3.361069679260254,-4.634956359863281,-2.5323760509490967,-4.694464206695557,-2.6931426525115967,-4.835693836212158,-2.7826833724975586,30.59443489994258,16.563229912366893,20.20289528020371,16.67822487633676,17.53014573890118,21.088432286797644,50.911798851269694,-0.00723005663165697,-0.007967928095460469,0.0379544064769483,-0.048949878429994244,-0.00783641052367962,-0.007442314297436926,1952.2910814606741,0.08680490404367447,0.0
-289.7289733886719,105.04496002197266,-13.176197052001953,26.028268814086914,-26.599441528320312,-10.178030014038086,-32.57783508300781,-3.777927875518799,-22.453392028808594,-7.249731063842773,-11.122105598449707,-7.0148234367370605,-7.662405014038086,3.3912196159362793,-14.160173416137695,0.6873603463172913,-6.603460788726807,-3.2112538814544678,-8.815523147583008,-2.415034770965576,-4.042129039764404,-0.4255281090736389,-5.810795783996582,-0.9582970142364502,-5.760279178619385,1.061633825302124,-3.367260456085205,0.21534264087677002,-3.1762614250183105,-0.22133803367614746,-1.1334342956542969,0.21225620806217194,-3.1197211742401123,1.2059067487716675,-2.6175787448883057,-0.07900486886501312,-2.2262325286865234,2.4172463417053223,-0.3921816349029541,5.610115051269531,22.670761156045433,15.406654225281212,19.049906412109515,17.40866659966058,16.721763336369772,18.194532906913203,56.22804183001846,-0.003564607990921466,0.01015010026002586,-0.022191070496660043,-0.05335510278941431,0.004132942244661787,-0.0002650219764773464,3206.5036664392906,0.02007885091006756,0.0
-289.7289733886719,105.04496002197266,-13.176197052001953,26.028268814086914,-26.599441528320312,-10.178030014038086,-32.57783508300781,-3.777927875518799,-22.453392028808594,-7.249731063842773,-11.122105598449707,-7.0148234367370605,-7.662405014038086,3.3912196159362793,-14.160173416137695,0.6873603463172913,-6.603460788726807,-3.2112538814544678,-8.815523147583008,-2.415034770965576,-4.042129039764404,-0.4255281090736389,-5.810795783996582,-0.9582970142364502,-5.760279178619385,1.061633825302124,-3.367260456085205,0.21534264087677002,-3.1762614250183105,-0.22133803367614746,-1.1334342956542969,0.21225620806217194,-3.1197211742401123,1.2059067487716675,-2.6175787448883057,-0.07900486886501312,-2.2262325286865234,2.4172463417053223,-0.3921816349029541,5.610115051269531,22.670761156045433,15.406654225281212,19.049906412109515,17.40866659966058,16.721763336369772,18.194532906913203,56.22804183001846,-0.003564607990921466,0.01015010026002586,-0.022191070496660043,-0.05335510278941431,0.004132942244661787,-0.0002650219764773464,3206.5036664392906,0.02007885091006756,0.0
-289.7289733886719,105.04496002197266,-13.176197052001953,26.028268814086914,-26.599441528320312,-10.178030014038086,-32.57783508300781,-3.777927875518799,-22.453392028808594,-7.249731063842773,-11.122105598449707,-7.0148234367370605,-7.662405014038086,3.3912196159362793,-14.160173416137695,0.6873603463172913,-6.603460788726807,-3.2112538814544678,-8.815523147583008,-2.415034770965576,-4.042129039764404,-0.4255281090736389,-5.810795783996582,-0.9582970142364502,-5.760279178619385,1.061633825302124,-3.367260456085205,0.21534264087677002,-3.1762614250183105,-0.22133803367614746,-1.1334342956542969,0.21225620806217194,-3.1197211742401123,1.2059067487716675,-2.6175787448883057,-0.07900486886501312,-2.2262325286865234,2.4172463417053223,-0.3921816349029541,5.610115051269531,22.670761156045433,15.406654225281212,19.049906412109515,17.40866659966058,16.721763336369772,18.194532906913203,56.22804183001846,-0.003564607990921466,0.01015010026002586,-0.022191070496660043,-0.05335510278941431,0.004132942244661787,-0.0002650219764773464,3206.5036664392906,0.02007885091006756,0.0
-151.30311584472656,111.0645751953125,7.890698432922363,29.578943252563477,-7.52701473236084,9.909786224365234,-15.144197463989258,-6.946070671081543,-4.934669017791748,-13.541974067687988,1.4163316488265991,-11.259812355041504,-4.991109848022461,1.030717134475708,-14.301239013671875,0.9562240839004517,-10.337520599365234,-3.160905599594116,-12.423259735107422,-1.4018092155456543,-10.72622013092041,-3.8183109760284424,-6.037931442260742,-6.268285274505615,-7.202981948852539,-1.1554515361785889,-7.756050109863281,-0.9002174735069275,-8.108494758605957,-2.0170481204986572,-7.579709529876709,-3.5161476135253906,-5.059872627258301,-3.1506564617156982,-3.6714818477630615,-2.538667917251587,-5.965706825256348,-1.7250865697860718,-5.490966320037842,-2.3290634155273438,27.183384857763983,16.285048239923768,19.062854600729427,16.898594920071783,17.46422598182723,21.529494677222047,53.204426921482394,0.024634267328655778,0.02562103860413356,-0.14183774620458645,-0.09173054849642112,0.034619872012431226,0.018108011845142224,2962.7185880829015,0.12211901694536209,0.0
-151.30311584472656,111.0645751953125,7.890698432922363,29.578943252563477,-7.52701473236084,9.909786224365234,-15.144197463989258,-6.946070671081543,-4.934669017791748,-13.541974067687988,1.4163316488265991,-11.259812355041504,-4.991109848022461,1.030717134475708,-14.301239013671875,0.9562240839004517,-10.337520599365234,-3.160905599594116,-12.423259735107422,-1.4018092155456543,-10.72622013092041,-3.8183109760284424,-6.037931442260742,-6.268285274505615,-7.202981948852539,-1.1554515361785889,-7.756050109863281,-0.9002174735069275,-8.108494758605957,-2.0170481204986572,-7.579709529876709,-3.5161476135253906,-5.059872627258301,-3.1506564617156982,-3.6714818477630615,-2.538667917251587,-5.965706825256348,-1.7250865697860718,-5.490966320037842,-2.3290634155273438,27.183384857763983,16.285048239923768,19.062854600729427,16.898594920071783,17.46422598182723,21.529494677222047,53.204426921482394,0.024634267328655778,0.02562103860413356,-0.14183774620458645,-0.09173054849642112,0.034619872012431226,0.018108011845142224,2962.7185880829015,0.12211901694536209,0.0
-151.30311584472656,111.0645751953125,7.890698432922363,29.578943252563477,-7.52701473236084,9.909786224365234,-15.144197463989258,-6.946070671081543,-4.934669017791748,-13.541974067687988,1.4163316488265991,-11.259812355041504,-4.991109848022461,1.030717134475708,-14.301239013671875,0.9562240839004517,-10.337520599365234,-3.160905599594116,-12.423259735107422,-1.4018092155456543,-10.72622013092041,-3.8183109760284424,-6.037931442260742,-6.268285274505615,-7.202981948852539,-1.1554515361785889,-7.756050109863281,-0.9002174735069275,-8.108494758605957,-2.0170481204986572,-7.579709529876709,-3.5161476135253906,-5.059872627258301,-3.1506564617156982,-3.6714818477630615,-2.538667917251587,-5.965706825256348,-1.7250865697860718,-5.490966320037842,-2.3290634155273438,27.183384857763983,16.285048239923768,19.062854600729427,16.898594920071783,17.46422598182723,21.529494677222047,53.204426921482394,0.024634267328655778,0.02562103860413356,-0.14183774620458645,-0.09173054849642112,0.034619872012431226,0.018108011845142224,2962.7185880829015,0.12211901694536209,0.0
-164.71759033203125,122.10887145996094,-4.921066761016846,32.41090393066406,-8.252573013305664,1.6260626316070557,-12.22734546661377,-4.773542881011963,-8.580025672912598,-9.43103313446045,-2.6056010723114014,-7.907317161560059,-10.62867546081543,1.0158448219299316,-8.27691650390625,-7.097287654876709,-9.199307441711426,-0.84283047914505,-12.663507461547852,-2.5966269969940186,-7.0038347244262695,-7.647099494934082,-6.990258693695068,-3.52044415473938,-4.732934951782227,-4.202933311462402,-3.1965670585632324,-3.4858503341674805,-4.4400129318237305,-4.8758087158203125,-6.210819244384766,-1.6991652250289917,-5.707612037658691,-2.731679916381836,-7.134401321411133,-1.9675335884094238,-5.893196105957031,-2.2776618003845215,-5.927953243255615,-1.7682373523712158,26.086835386286296,16.511390098355555,20.035539035859994,17.56580372948427,17.539453941400637,19.579739575448798,52.677720242511484,-0.01592881434362362,-0.037921996155753646,-0.09886095463949719,0.1417086844346992,-0.022813097966340297,0.02314906535221389,2485.038860103627,0.10829197615385056,0.0
-164.71759033203125,122.10887145996094,-4.921066761016846,32.41090393066406,-8.252573013305664,1.6260626316070557,-12.22734546661377,-4.773542881011963,-8.580025672912598,-9.43103313446045,-2.6056010723114014,-7.907317161560059,-10.62867546081543,1.0158448219299316,-8.27691650390625,-7.097287654876709,-9.199307441711426,-0.84283047914505,-12.663507461547852,-2.5966269969940186,-7.0038347244262695,-7.647099494934082,-6.990258693695068,-3.52044415473938,-4.732934951782227,-4.202933311462402,-3.1965670585632324,-3.4858503341674805,-4.4400129318237305,-4.8758087158203125,-6.210819244384766,-1.6991652250289917,-5.707612037658691,-2.731679916381836,-7.134401321411133,-1.9675335884094238,-5.893196105957031,-2.2776618003845215,-5.927953243255615,-1.7682373523712158,26.086835386286296,16.511390098355555,20.035539035859994,17.56580372948427,17.539453941400637,19.579739575448798,52.677720242511484,-0.01592881434362362,-0.037921996155753646,-0.09886095463949719,0.1417086844346992,-0.022813097966340297,0.02314906535221389,2485.038860103627,0.10829197615385056,0.0
-164.71759033203125,122.10887145996094,-4.921066761016846,32.41090393066406,-8.252573013305664,1.6260626316070557,-12.22734546661377,-4.773542881011963,-8.580025672912598,-9.43103313446045,-2.6056010723114014,-7.907317161560059,-10.62867546081543,1.0158448219299316,-8.27691650390625,-7.097287654876709,-9.199307441711426,-0.84283047914505,-12.663507461547852,-2.5966269969940186,-7.0038347244262695,-7.647099494934082,-6.990258693695068,-3.52044415473938,-4.732934951782227,-4.202933311462402,-3.1965670585632324,-3.4858503341674805,-4.4400129318237305,-4.8758087158203125,-6.210819244384766,-1.6991652250289917,-5.707612037658691,-2.731679916381836,-7.134401321411133,-1.9675335884094238,-5.893196105957031,-2.2776618003845215,-5.927953243255615,-1.7682373523712158,26.086835386286296,16.511390098355555,20.035539035859994,17.56580372948427,17.539453941400637,19.579739575448798,52.677720242511484,-0.01592881434362362,-0.037921996155753646,-0.09886095463949719,0.1417086844346992,-0.022813097966340297,0.02314906535221389,2485.038860103627,0.10829197615385056,0.0
